{
  "tasks": {
    "Screening": {
      "ConvNeXt-L": {
        "acc": [
          0.836352657004831,
          0.8490338164251208,
          0.841183574879227
        ],
        "auc": [
          0.9230591678553788,
          0.9264167986175547,
          0.9290773593819004
        ],
        "sens": [
          0.7895771878072763,
          0.8603736479842674,
          0.8053097345132744
        ],
        "spec": [
          0.9107981220657277,
          0.8309859154929577,
          0.8982785602503912
        ]
      },
      "EfficientNet-B0": {
        "acc": [
          0.6733091787439613,
          0.6950483091787439,
          0.7222222222222222
        ],
        "auc": [
          0.7359866618041033,
          0.7632447146552428,
          0.8015512500326993
        ],
        "sens": [
          0.6519174041297935,
          0.7512291052114061,
          0.7109144542772862
        ],
        "spec": [
          0.7073552425665102,
          0.6056338028169014,
          0.7402190923317684
        ]
      },
      "DenseNet201": {
        "acc": [
          0.782608695652174,
          0.7868357487922706,
          0.7928743961352657
        ],
        "auc": [
          0.8658032539165947,
          0.8763647107159509,
          0.8813603790337349
        ],
        "sens": [
          0.7590953785644051,
          0.7640117994100295,
          0.7561455260570304
        ],
        "spec": [
          0.8200312989045383,
          0.8231611893583725,
          0.8513302034428795
        ]
      },
      "Xception": {
        "acc": [
          0.7693236714975845,
          0.7717391304347826,
          0.7807971014492754
        ],
        "auc": [
          0.8652916076157591,
          0.8587063734971832,
          0.8665511038480418
        ],
        "sens": [
          0.7256637168141593,
          0.8141592920353983,
          0.8062930186823992
        ],
        "spec": [
          0.838810641627543,
          0.704225352112676,
          0.7402190923317684
        ]
      },
      "Swin-T": {
        "acc": [
          0.8188405797101449,
          0.8176328502415459,
          0.8218599033816425
        ],
        "auc": [
          0.9041713407287382,
          0.9059594099063956,
          0.9132663345966765
        ],
        "sens": [
          0.7935103244837758,
          0.7669616519174042,
          0.7856440511307768
        ],
        "spec": [
          0.8591549295774648,
          0.8982785602503912,
          0.8794992175273866
        ]
      }
    },
    "OA": {
      "ConvNeXt-L": {
        "acc": [
          0.8774154589371981,
          0.8756038647342995,
          0.8798309178743962
        ],
        "auc": [
          0.9518983586373649,
          0.95156682266905,
          0.9516558256135641
        ],
        "sens": [
          0.8002773925104022,
          0.8391123439667129,
          0.8432732316227461
        ],
        "spec": [
          0.9368983957219251,
          0.9037433155080213,
          0.9080213903743316
        ]
      },
      "EfficientNet-B0": {
        "acc": [
          0.7771739130434783,
          0.7524154589371981,
          0.7548309178743962
        ],
        "auc": [
          0.8503385820347558,
          0.8231059060870597,
          0.8174801783025656
        ],
        "sens": [
          0.6199722607489597,
          0.7267683772538142,
          0.6421636615811374
        ],
        "spec": [
          0.8983957219251337,
          0.772192513368984,
          0.841711229946524
        ]
      },
      "DenseNet201": {
        "acc": [
          0.8327294685990339,
          0.8345410628019324,
          0.8369565217391305
        ],
        "auc": [
          0.9157349788988851,
          0.9100951589815096,
          0.9177976221379991
        ],
        "sens": [
          0.8155339805825242,
          0.7919556171983356,
          0.8183079056865464
        ],
        "spec": [
          0.8459893048128342,
          0.8673796791443851,
          0.8513368983957219
        ]
      },
      "Xception": {
        "acc": [
          0.8085748792270532,
          0.8079710144927537,
          0.8206521739130435
        ],
        "auc": [
          0.8924792511885601,
          0.8933418380591422,
          0.8939455746994296
        ],
        "sens": [
          0.7364771151178918,
          0.7656033287101248,
          0.7059639389736477
        ],
        "spec": [
          0.8641711229946524,
          0.8406417112299466,
          0.9090909090909091
        ]
      },
      "Swin-T": {
        "acc": [
          0.8695652173913043,
          0.8544685990338164,
          0.8496376811594203
        ],
        "auc": [
          0.9397820911241814,
          0.9385405000482099,
          0.927501909854851
        ],
        "sens": [
          0.8238557558945908,
          0.8085991678224688,
          0.7739251040221914
        ],
        "spec": [
          0.9048128342245989,
          0.8898395721925134,
          0.9080213903743316
        ]
      }
    },
    "Severe": {
      "ConvNeXt-L": {
        "acc": [
          0.9589371980676329,
          0.9565217391304348,
          0.967391304347826
        ],
        "auc": [
          0.9906857722331964,
          0.989945017799233,
          0.9900308449618136
        ],
        "sens": [
          0.9124087591240876,
          0.9306569343065694,
          0.864963503649635
        ],
        "spec": [
          0.9681620839363242,
          0.9616497829232996,
          0.9876989869753979
        ]
      },
      "EfficientNet-B0": {
        "acc": [
          0.8882850241545893,
          0.8852657004830918,
          0.8919082125603864
        ],
        "auc": [
          0.9108084126464344,
          0.9288532434744948,
          0.9275697972894461
        ],
        "sens": [
          0.6934306569343066,
          0.7554744525547445,
          0.791970802919708
        ],
        "spec": [
          0.926917510853835,
          0.9109985528219972,
          0.9117221418234442
        ]
      },
      "DenseNet201": {
        "acc": [
          0.9347826086956522,
          0.9535024154589372,
          0.9408212560386473
        ],
        "auc": [
          0.974205636599871,
          0.9792641575205719,
          0.9692936820644997
        ],
        "sens": [
          0.8722627737226277,
          0.8905109489051095,
          0.8357664233576643
        ],
        "spec": [
          0.947178002894356,
          0.9659913169319826,
          0.9616497829232996
        ]
      },
      "Xception": {
        "acc": [
          0.9468599033816425,
          0.9347826086956522,
          0.9384057971014492
        ],
        "auc": [
          0.9715265087094764,
          0.9566255928676308,
          0.9656255611776015
        ],
        "sens": [
          0.8686131386861314,
          0.6861313868613139,
          0.8722627737226277
        ],
        "spec": [
          0.9623733719247467,
          0.984081041968162,
          0.951519536903039
        ]
      },
      "Swin-T": {
        "acc": [
          0.9390096618357487,
          0.9607487922705314,
          0.9571256038647343
        ],
        "auc": [
          0.987466593427488,
          0.9880673835655508,
          0.9854714420019647
        ],
        "sens": [
          0.9416058394160584,
          0.9124087591240876,
          0.8467153284671532
        ],
        "spec": [
          0.9384949348769899,
          0.9703328509406657,
          0.9790159189580319
        ]
      }
    }
  },
  "utility_threshold_shift_pp": 28.999999999999996
}