{
  "results": {
    "ConvNeXt-L": {
      "CE": {
        "acc": [
          0.7125603864734299,
          0.7101449275362319,
          0.7155797101449275
        ],
        "qwk": [
          0.8633279821587267,
          0.8666263881681302,
          0.8639427722972907
        ],
        "f1": [
          [
            0.814756671899529,
            0.3769633507853403,
            0.7119741100323624,
            0.8221709006928406,
            0.8571428571428571
          ],
          [
            0.7950207468879668,
            0.4653179190751445,
            0.7105263157894737,
            0.8151260504201681,
            0.8737864077669902
          ],
          [
            0.8142532221379833,
            0.41254125412541254,
            0.7142857142857143,
            0.8188235294117647,
            0.8148148148148148
          ]
        ]
      },
      "CORAL": {
        "acc": [
          0.6805555555555556,
          0.6733091787439613,
          0.6884057971014492
        ],
        "qwk": [
          0.8643962617750363,
          0.8525758422646934,
          0.8655284698815829
        ],
        "f1": [
          [
            0.7546174142480211,
            0.4402035623409669,
            0.7009569377990431,
            0.8359550561797753,
            0.8518518518518519
          ],
          [
            0.7623089983022071,
            0.40173410404624277,
            0.6821885913853318,
            0.7907949790794979,
            0.8571428571428571
          ],
          [
            0.770940170940171,
            0.4541935483870968,
            0.6962785114045619,
            0.8240740740740741,
            0.8823529411764706
          ]
        ]
      }
    },
    "EfficientNet-B0": {
      "CE": {
        "acc": [
          0.48429951690821255,
          0.47342995169082125,
          0.501207729468599
        ],
        "qwk": [
          0.6332832471359782,
          0.6297068540363505,
          0.6940388689999734
        ],
        "f1": [
          [
            0.6069182389937107,
            0.20611916264090177,
            0.4460093896713615,
            0.5817409766454352,
            0.5208333333333334
          ],
          [
            0.5586034912718204,
            0.28254847645429365,
            0.44786729857819907,
            0.5661252900232019,
            0.625
          ],
          [
            0.6123778501628665,
            0.28716645489199494,
            0.44925575101488496,
            0.6102449888641426,
            0.6972477064220184
          ]
        ]
      },
      "CORAL": {
        "acc": [
          0.6105072463768116,
          0.6068840579710145,
          0.5851449275362319
        ],
        "qwk": [
          0.8080090147252579,
          0.8049227253998378,
          0.8011408384029545
        ],
        "f1": [
          [
            0.7287581699346405,
            0.3929471032745592,
            0.5371900826446281,
            0.74235807860262,
            0.8
          ],
          [
            0.7040816326530612,
            0.3980222496909765,
            0.5710560625814863,
            0.7415730337078652,
            0.8
          ],
          [
            0.6877192982456141,
            0.3888888888888889,
            0.5400271370420624,
            0.7296703296703296,
            0.7586206896551724
          ]
        ]
      }
    },
    "DenseNet201": {
      "CE": {
        "acc": [
          0.6503623188405797,
          0.6564009661835749,
          0.6503623188405797
        ],
        "qwk": [
          0.807081575531397,
          0.8055102719532523,
          0.8011796363131664
        ],
        "f1": [
          [
            0.757002271006813,
            0.36276083467094705,
            0.587641866330391,
            0.7974683544303798,
            0.8316831683168316
          ],
          [
            0.7563150074294205,
            0.30550621669627,
            0.6257242178447276,
            0.8127853881278538,
            0.8627450980392157
          ],
          [
            0.7501921598770177,
            0.35058430717863104,
            0.6079613992762364,
            0.7899159663865546,
            0.822429906542056
          ]
        ]
      },
      "CORAL": {
        "acc": [
          0.6165458937198067,
          0.6044685990338164,
          0.6328502415458938
        ],
        "qwk": [
          0.8143297189760346,
          0.8097437745772272,
          0.8279113138819477
        ],
        "f1": [
          [
            0.6984698469846985,
            0.36387782204515273,
            0.6092089728453365,
            0.7813765182186235,
            0.8411214953271028
          ],
          [
            0.6642066420664207,
            0.34394904458598724,
            0.6252927400468384,
            0.8073770491803278,
            0.8316831683168316
          ],
          [
            0.7297297297297297,
            0.3868520859671302,
            0.5931758530183727,
            0.8170212765957446,
            0.8571428571428571
          ]
        ]
      }
    },
    "Xception": {
      "CE": {
        "acc": [
          0.5778985507246377,
          0.6171497584541062,
          0.6201690821256038
        ],
        "qwk": [
          0.7323154791137787,
          0.749717018650018,
          0.7629610247741978
        ],
        "f1": [
          [
            0.6970588235294117,
            0.19622641509433963,
            0.5352112676056338,
            0.6986899563318777,
            0.7678571428571429
          ],
          [
            0.7349152542372881,
            0.2249488752556237,
            0.542713567839196,
            0.7439824945295405,
            0.8210526315789474
          ],
          [
            0.7306064880112835,
            0.2407766990291262,
            0.5669481302774427,
            0.7633928571428571,
            0.803921568627451
          ]
        ]
      },
      "CORAL": {
        "acc": [
          0.518719806763285,
          0.5676328502415459,
          0.5138888888888888
        ],
        "qwk": [
          0.7562121151639564,
          0.7820945000301864,
          0.7540116522727045
        ],
        "f1": [
          [
            0.5556690500510725,
            0.3498964803312629,
            0.5394088669950738,
            0.7090909090909091,
            0.7478260869565218
          ],
          [
            0.6467391304347826,
            0.36961451247165533,
            0.5605095541401274,
            0.72,
            0.8103448275862069
          ],
          [
            0.5795996186844614,
            0.3304157549234136,
            0.5094577553593947,
            0.6786516853932584,
            0.7747747747747747
          ]
        ]
      }
    },
    "Swin-T": {
      "CE": {
        "acc": [
          0.6678743961352657,
          0.6878019323671497,
          0.7041062801932367
        ],
        "qwk": [
          0.8378797140740593,
          0.8387339822311783,
          0.8515645978880666
        ],
        "f1": [
          [
            0.775,
            0.3954154727793696,
            0.6277561608300908,
            0.8097345132743363,
            0.8468468468468469
          ],
          [
            0.794682422451994,
            0.4,
            0.6381322957198443,
            0.8211009174311926,
            0.8648648648648649
          ],
          [
            0.8113207547169812,
            0.3458646616541353,
            0.6642685851318945,
            0.832271762208068,
            0.865979381443299
          ]
        ]
      },
      "CORAL": {
        "acc": [
          0.6702898550724637,
          0.6672705314009661,
          0.6763285024154589
        ],
        "qwk": [
          0.8451564642812617,
          0.8454988438012351,
          0.841666584677514
        ],