{
  "external_5class": {
    "ConvNeXt-L": {
      "CE": [
        0.31636363636363635,
        0.336969696969697,
        0.3236363636363636
      ],
      "CORAL": [
        0.24303030303030304,
        0.22484848484848485,
        0.2739393939393939
      ]
    },
    "EfficientNet-B0": {
      "CE": [
        0.27454545454545454,
        0.22848484848484849,
        0.2593939393939394
      ],
      "CORAL": [
        0.19696969696969696,
        0.2006060606060606,
        0.18787878787878787
      ]
    },
    "DenseNet201": {
      "CE": [
        0.24848484848484848,
        0.28545454545454546,
        0.2593939393939394
      ],
      "CORAL": [
        0.1993939393939394,
        0.2412121212121212,
        0.19393939393939394
      ]
    },
    "Xception": {
      "CE": [
        0.22848484848484849,
        0.22666666666666666,
        0.22787878787878788
      ],
      "CORAL": [
        0.21454545454545454,
        0.23393939393939395,
        0.19090909090909092
      ]
    },
    "Swin-T": {
      "CE": [
        0.26181818181818184,
        0.2866666666666667,
        0.2606060606060606
      ],
      "CORAL": [
        0.22,
        0.2084848484848485,
        0.2103030303030303
      ]
    }
  },
  "gen_gap_mean_pp": 38.25767091201874,
  "gen_gap_std_pp": 6.098847570016347,
  "ceiling_ttest_p": 5.7332711554714794e-11
}